INSERT INTO exercise (_id, name, description) VALUES (-9, 'Pushups', '');
INSERT INTO exercise (_id, name, description) VALUES (-10, 'Pullups', '');
INSERT INTO exercise (_id, name, description) VALUES (-11, 'Dips', '');
INSERT INTO exercise (_id, name, description) VALUES (-1, 'Pullup Hold', 'Static pullup exercise.');
INSERT INTO exercise (_id, name, description) VALUES (-2, 'Negative Pullups', 'Involves only the lowering phase of a pullup.');
INSERT INTO exercise (_id, name, description) VALUES (-3, 'Dead Hang', 'Static exercise which involves only the last static phase of a pullup.');
INSERT INTO exercise (_id, name, description) VALUES (-4, 'Incline Pull Ups', 'An easier version of the pullup where your legs always touch the ground.');
INSERT INTO exercise (_id, name, description) VALUES (-5, 'Plank', 'Static exercise which allows you to build a strong core.');
INSERT INTO exercise (_id, name, description) VALUES (-6, 'Incline Pushups', 'An easier version of the pushup.');
INSERT INTO exercise (_id, name, description) VALUES (-7, 'Knee Pushups', 'Pushups which you execute on your knees instead of your toes.');
INSERT INTO exercise (_id, name, description) VALUES (-8, 'Wall Pushups', 'The easiest version of the pushup where you bypass the gravitational force.');
INSERT INTO image_path VALUES ('pull_up_hold_1.jpg', 'Grab an overhead bar as you would do a pullup. Pull up until your forearms and upper arms are forming a 90° angle. The distance between your head and the bar should be smaller than your hand. Stay in this position and flex your whole body. Squeeze the bar as much as you can to improve your grip strength.', 0, -1);
INSERT INTO image_path VALUES ('negative_pullups_1.jpg', '', 0, -2);
INSERT INTO image_path VALUES ('negative_pullups_2.jpg', '', 1, -2);
INSERT INTO image_path VALUES ('negative_pullups_3.jpg', '', 1, -2);
INSERT INTO image_path VALUES ('dead_hang_1.jpg', 'Grab an overhead bar as you would perform a pullup but without performing the pullup motion. Stay in this position. Squeeze the bar as much as you can to improve your grip strength.', 0, -3);
INSERT INTO image_path VALUES ('incline_pullup_1.jpg', 'Grab a bar (which is optimatically half as heigh or smaller as you) as you would perform a pullup. Squeeze your shoulder blades down. Only your heels should touch the ground.', 0, -4);
INSERT INTO image_path VALUES ('incline_pullup_2.jpg', 'Pull up your upper body until your chest is touching the bar. Dont move your legs. Go back to the starting position.', 1, -4);
INSERT INTO image_path VALUES ('plank_1.jpg', 'Put your forearms on the ground. Your body should form a straight line from shoulders to toe and your forearms and upper arms should be in a 90° angel to each other. Stay in this position.', 0, -5);
INSERT INTO image_path VALUES ('incline_pushups_1.jpg', 'Grab a bar so your chest can can touch the bar.', 0, -6);
INSERT INTO image_path VALUES ('incline_pushups_2.jpg', 'Go down until your chest reaches the bar. Your arms should be in a 45° angle to your upper body. Push you away from the bar until your arms are nearly straight. Repeat.', 1, -6);
INSERT INTO image_path VALUES ('knee_pushups_1.jpg', '', 0, -7);
INSERT INTO image_path VALUES ('knee_pushups_2.jpg', '', 1, -7);
INSERT INTO image_path VALUES ('wall_pushups_1.jpg', '', 0, -8);
INSERT INTO image_path VALUES ('wall_pushups_2.jpg', '', 1, -8);
INSERT INTO image_path VALUES ('pushups_1.jpg', '', 0, -9);
INSERT INTO image_path VALUES ('pushups_2.jpg', '', 1, -9);
INSERT INTO image_path VALUES ('pullups_1.jpg', '', 0, -10);
INSERT INTO image_path VALUES ('pullups_2.jpg', '', 1, -10);
INSERT INTO image_path VALUES ('dips_1.jpg', '', 0, -11);
INSERT INTO image_path VALUES ('dips_2.jpg', '', 1, -11);
INSERT INTO workout (_id, name, description, rounds, pause_exercises, pause_rounds) VALUES (-1, 'Pullup Progression', 'Progression Workout: This workout should prepare you to do a pullup. ', 5, 20, 90);
INSERT INTO workout (_id, name, description, rounds, pause_exercises, pause_rounds) VALUES (-2, 'Pushup Progression', 'Progression Workout: This workout should preapre you to do a pushup.', 5, 20, 90);
INSERT INTO workout (_id, name, description, rounds, pause_exercises, pause_rounds) VALUES (-3, 'Around the World', 'This is the Workout to learn all Basics if you want to start with calisthenics.', 5, 15, 90);
INSERT INTO workout_exercise (id_workout, id_exercise, repetitions, is_repeatable, orders) VALUES (-1, -1, 15, 0, 0);
INSERT INTO workout_exercise (id_workout, id_exercise, repetitions, is_repeatable, orders) VALUES (-1, -2, 8, 1, 1);
INSERT INTO workout_exercise (id_workout, id_exercise, repetitions, is_repeatable, orders) VALUES (-1, -3, 15, 0, 2);
INSERT INTO workout_exercise (id_workout, id_exercise, repetitions, is_repeatable, orders) VALUES (-1, -4, 8, 1, 3);
INSERT INTO workout_exercise (id_workout, id_exercise, repetitions, is_repeatable, orders) VALUES (-1, -5, 25, 0, 4);
INSERT INTO workout_exercise (id_workout, id_exercise, repetitions, is_repeatable, orders) VALUES (-2, -5, 25, 0, 3);
INSERT INTO workout_exercise (id_workout, id_exercise, repetitions, is_repeatable, orders) VALUES (-2, -6, 8, 1, 1);
INSERT INTO workout_exercise (id_workout, id_exercise, repetitions, is_repeatable, orders) VALUES (-2, -7, 15, 1, 2);
INSERT INTO workout_exercise (id_workout, id_exercise, repetitions, is_repeatable, orders) VALUES (-2, -8, 20, 1, 0);
INSERT INTO workout_exercise (id_workout, id_exercise, repetitions, is_repeatable, orders) VALUES (-3, -9, 10, 1, 0);
INSERT INTO workout_exercise (id_workout, id_exercise, repetitions, is_repeatable, orders) VALUES (-3, -10, 10, 1, 1);
INSERT INTO workout_exercise (id_workout, id_exercise, repetitions, is_repeatable, orders) VALUES (-3, -11, 10, 1, 2);
squeeze your shouldblades down