INSERT INTO exercise (_id, name, description) VALUES (-1, 'Pullup Hold', 'Description 1');
INSERT INTO exercise (_id, name, description) VALUES (-2, 'Negative Pull Ups', 'Description 2');
INSERT INTO exercise (_id, name, description) VALUES (-3, 'Dead Hang', 'Description 3');
INSERT INTO exercise (_id, name, description) VALUES (-4, 'Incline Pull Ups', 'Description 4');
INSERT INTO exercise (_id, name, description) VALUES (-5, 'Plank', 'Description 5');
INSERT INTO exercise (_id, name, description) VALUES (-6, 'Incline Pushups', 'Description 6');
INSERT INTO exercise (_id, name, description) VALUES (-7, 'Knee Pushups', 'Description 7');
INSERT INTO exercise (_id, name, description) VALUES (-8, 'Wall Pushups', 'Description 6');
INSERT INTO exercise (_id, name, description) VALUES (-9, 'Pushups', '');
INSERT INTO exercise (_id, name, description) VALUES (-10, 'Pullups', '');
INSERT INTO exercise (_id, name, description) VALUES (-11, 'Dips', '');
INSERT INTO image_path VALUES ('image_1_1.jpeg', ' Image belongs to exercise 1', 0, -1);
INSERT INTO image_path VALUES ('image_1_2.jpeg', ' Image belongs to exercise 2', 0, -2);
INSERT INTO image_path VALUES ('image_1_3.jpeg', ' Image belongs to exercise 3', 0, -3);
INSERT INTO image_path VALUES ('image_1_4.jpeg', ' Image belongs to exercise 4', 0, -4);
INSERT INTO image_path VALUES ('image_1_5.jpeg', ' Image belongs to exercise 5', 0, -5);
INSERT INTO image_path VALUES ('image_1_6.jpeg', ' Image belongs to exercise 6', 0, -6);
INSERT INTO image_path VALUES ('image_1_7.jpeg', ' Image belongs to exercise 7', 0, -7);
INSERT INTO image_path VALUES ('image_1_8.jpeg', ' Image belongs to exercise 8', 0, -8);
INSERT INTO image_path VALUES ('image_1_9.jpeg', ' Image belongs to exercise 8', 0, -9);
INSERT INTO image_path VALUES ('image_1_10.jpeg', ' Image belongs to exercise 8', 0, -10);
INSERT INTO image_path VALUES ('image_1_11.jpeg', ' Image belongs to exercise 8', 0, -11);
INSERT INTO workout (_id, name, description, rounds, pause_exercises, pause_rounds) VALUES (-1, 'Pullup Progression', 'Introductory Workout: This workout should prepare you to do a Pullup. ', 5, 20, 90);
INSERT INTO workout (_id, name, description, rounds, pause_exercises, pause_rounds) VALUES (-2, 'Pushup Progression', 'Introductory Workout: This workout should preapre you to do a Pushup.', 5, 20, 90);
INSERT INTO workout (_id, name, description, rounds, pause_exercises, pause_rounds) VALUES (-3, 'Around the World', 'This is the Workout to learn all Basics if you want to start with calisthenics.', 5, 15, 90);
INSERT INTO workout_exercise (id_workout, id_exercise, repetitions, is_repeatable, orders) VALUES (-1, -1, 15, 0, 0);
INSERT INTO workout_exercise (id_workout, id_exercise, repetitions, is_repeatable, orders) VALUES (-1, -2, 8, 1, 1);
INSERT INTO workout_exercise (id_workout, id_exercise, repetitions, is_repeatable, orders) VALUES (-1, -3, 15, 0, 2);
INSERT INTO workout_exercise (id_workout, id_exercise, repetitions, is_repeatable, orders) VALUES (-1, -4, 8, 1, 3);
INSERT INTO workout_exercise (id_workout, id_exercise, repetitions, is_repeatable, orders) VALUES (-1, -5, 25, 0, 4);
INSERT INTO workout_exercise (id_workout, id_exercise, repetitions, is_repeatable, orders) VALUES (-2, -5, 25, 0, 3);
INSERT INTO workout_exercise (id_workout, id_exercise, repetitions, is_repeatable, orders) VALUES (-2, -6, 8, 1, 1);
INSERT INTO workout_exercise (id_workout, id_exercise, repetitions, is_repeatable, orders) VALUES (-2, -7, 15, 1, 2);
INSERT INTO workout_exercise (id_workout, id_exercise, repetitions, is_repeatable, orders) VALUES (-2, -8, 20, 1, 0);
INSERT INTO workout_exercise (id_workout, id_exercise, repetitions, is_repeatable, orders) VALUES (-3, -9, 10, 1, 0);
INSERT INTO workout_exercise (id_workout, id_exercise, repetitions, is_repeatable, orders) VALUES (-3, -10, 10, 1, 1);
INSERT INTO workout_exercise (id_workout, id_exercise, repetitions, is_repeatable, orders) VALUES (-3, -11, 10, 1, 2);